start_time,end_time,location,type,place
1352664861,1352676109,7,4,4
1352676177,1352676179,3,3,4
1352676194,1352676197,3,3,3
1352676260,1352676262,3,3,3
1352676282,1352676294,3,3,4
1352676335,1352677376,7,4,4
1352677426,1352677429,3,3,4
1352677572,1352677575,3,3,1
1352677641,1352677644,3,3,1
1352677718,1352677812,0,3,0
1352677829,1352677832,3,3,4
1352677878,1352681532,7,4,4
1352681599,1352681602,3,3,4
1352681607,1352681615,0,3,0
1352681633,1352681637,3,3,1
1352681619,1352681667,9,1,0
1352681709,1352709035,1,4,1
1352709076,1352709079,3,3,1
1352709448,1352709525,9,1,0
1352709617,1352709622,3,3,4
1352709674,1352709677,3,3,4
1352709722,1352709725,3,3,3
1352710077,1352710092,4,2,3
1352710101,1352710202,6,0,3
1352710353,1352710355,3,3,3
1352710406,1352710409,3,3,1
1352710576,1352710580,3,3,1
1352710585,1352710588,3,3,4
1352710656,1352711690,7,4,4
1352711744,1352711747,3,3,4
1352711815,1352711818,3,3,1
1352711821,1352711825,3,3,1
1352711899,1352712015,0,3,0
1352712099,1352712585,8,3,0
1352712745,1352712758,3,3,4
1352712789,1352712790,3,3,4
1352712803,1352712805,3,3,3
1352712807,1352712822,3,3,3
1352712827,1352712850,0,3,0
1352712851,1352712902,9,1,0
1352712914,1352713201,0,3,0
1352713229,1352713231,3,3,3
1352713268,1352713270,3,3,3
1352713280,1352713282,3,3,4
1352713302,1352713304,3,3,4
1352713325,1352713327,0,3,0
1352713637,1352713644,3,3,4
1352714693,1352714696,3,3,4
1352714744,1352714747,3,3,3
1352714771,1352714794,4,2,3
1352714984,1352715042,6,0,3
1352715640,1352715645,3,3,3
1352715686,1352715690,3,3,4
1352715814,1352715817,3,3,4
1352715852,1352715857,3,3,1
1352716347,1352716349,3,3,1
1352716359,1352716361,3,3,3
1352716395,1352716397,3,3,3
1352716448,1352716450,3,3,1
1352716485,1352716492,3,3,1
1352716669,1352716672,3,3,3
1352716707,1352716806,4,2,3
1352717032,1352717035,4,2,3
1352717229,1352717243,3,3,3
1352717258,1352717268,3,3,4
1352718110,1352718112,3,3,4
1352718127,1352718129,3,3,1
1352719343,1352719350,3,3,1
1352719413,1352719428,3,3,3
1352720220,1352720223,3,3,3
1352720375,1352720382,3,3,1
1352720504,1352720506,3,3,1
1352720519,1352720559,9,1,0
1352720621,1352720623,3,3,1
1352720961,1352720963,3,3,1
1352720982,1352720986,3,3,4
1352721061,1352721064,3,3,4
1352721178,1352721312,9,1,0
1352721602,1352722031,0,3,0
1352722367,1352722704,0,3,0
1352722741,1352722792,3,3,4
1352723562,1352723566,3,3,4
1352723591,1352723595,3,3,3
1352724263,1352724267,3,3,3
1352724469,1352724471,3,3,3
1352724751,1352724939,4,2,3
1352725202,1352725205,3,3,3
1352725487,1352725490,3,3,4
1352726416,1352726418,3,3,4
1352726428,1352726431,3,3,3
1352727541,1352727548,2,2,3
1352727555,1352727561,2,2,3
1352728124,1352728127,3,3,3
1352728134,1352728137,3,3,4
1352728155,1352728158,3,3,4
1352728170,1352728173,3,3,3
1352728293,1352728300,2,2,3
1352728392,1352728394,3,3,3
1352728485,1352728487,3,3,4
1352730167,1352730170,3,3,4
1352730180,1352730182,3,3,3
1352730218,1352730230,2,2,3
1352730709,1352730713,3,3,3
1352731130,1352731188,9,1,0
1352731145,1352731239,0,3,0
1352731375,1352731378,3,3,4
1352731395,1352733035,7,4,4
1352733088,1352733094,3,3,4
1352733742,1352733749,5,2,2
1352736514,1352736517,5,2,2
1352736611,1352736614,3,3,4
1352737757,1352737761,3,3,4
1352737770,1352737773,3,3,3
1352737790,1352737792,3,3,3
1352737808,1352737816,3,3,4
1352738138,1352738142,3,3,4
1352738635,1352738647,0,3,0
1352738613,1352738671,9,1,0
1352738677,1352738680,3,3,4
1352738722,1352742418,7,4,4
1352742449,1352742452,3,3,4
1352742465,1352742469,3,3,3
1352742737,1352742753,4,2,3
1352742762,1352742823,6,0,3
1352742972,1352742975,3,3,3
1352743251,1352743256,3,3,1
1352743327,1352743330,3,3,1
1352743335,1352743339,3,3,4
1352743387,1352750206,7,4,4
1352750225,1352750227,3,3,4
1352750231,1352750243,3,3,1
1352750379,1352750382,3,3,1
1352750792,1352750795,3,3,4
1352751099,1352751118,3,3,4
1352751296,1352751303,0,3,0
1352751313,1352751317,3,3,4
1352756064,1352756067,3,3,4
1352756067,1352756070,3,3,1
1352756086,1352756088,3,3,1
1352756121,1352756125,3,3,3
1352756183,1352756218,2,2,3
1352756272,1352756275,3,3,3
1352757226,1352757234,0,3,0
1352757250,1352757254,3,3,4
1352757302,1352759625,7,4,4
1352759667,1352759670,3,3,4
1352759680,1352759683,3,3,1
1352759805,1352759807,3,3,1
1352759811,1352759879,9,1,0
1352759895,1352759899,3,3,4
1352760305,1352760308,3,3,4
1352760308,1352760311,3,3,3
1352760353,1352760355,3,3,3
1352760383,1352760386,3,3,4
1352760422,1352766376,7,4,4
1352766425,1352766461,3,3,4
1352766546,1352766579,0,3,0
1352766592,1352766596,3,3,1
1352766632,1352793075,1,4,1
1352793123,1352793126,3,3,1
1352793228,1352793230,3,3,4
1352793397,1352793400,3,3,4
1352793412,1352793417,3,3,3
1352793469,1352793473,4,2,3
1352793552,1352793555,4,2,3
1352793525,1352793626,6,0,3
1352793894,1352793896,3,3,3
1352793926,1352793930,3,3,1
1352794210,1352794212,3,3,1
1352794306,1352794309,0,3,0
1352794488,1352794553,9,1,0
1352794884,1352795066,0,3,0
1352795377,1352795426,0,3,0
1352795695,1352795810,0,3,0
1352795844,1352795848,3,3,1
1352796171,1352796174,3,3,1
1352796795,1352796801,5,2,2
1352797864,1352797867,5,2,2
1352797908,1352797911,3,3,3
1352797919,1352797922,4,2,3
1352797930,1352797932,3,3,3
1352798044,1352798047,3,3,3
1352800174,1352800178,3,3,3
1352800205,1352800208,3,3,1
1352800312,1352800315,3,3,1
1352800365,1352800368,5,2,2
1352810510,1352810514,5,2,2
1352810526,1352810530,3,3,3
1352810565,1352810568,3,3,3
1352810600,1352810601,3,3,1
1352810756,1352810758,3,3,1
1352810865,1352810868,3,3,3
1352810907,1352810912,4,2,3
1352810919,1352810922,4,2,3
1352811580,1352811582,3,3,3
1352811661,1352811671,3,3,3
1352811809,1352811811,3,3,3
1352811924,1352811969,9,1,0
1352812104,1352812108,3,3,3
1352812645,1352812649,3,3,3
1352812853,1352812856,3,3,3
1352813254,1352813256,2,2,3
1352813300,1352813304,4,2,3
1352813622,1352813625,2,2,3
1352813951,1352813954,3,3,3
1352814029,1352814032,3,3,4
1352814088,1352814090,3,3,4
1352814098,1352814101,3,3,3
1352814153,1352814156,3,3,3
1352814187,1352814189,3,3,4
1352814241,1352818230,7,4,4
1352818289,1352818292,3,3,4
1352818300,1352818303,3,3,3
1352819065,1352819067,3,3,3
1352819082,1352819085,3,3,4
1352819101,1352819103,3,3,4
1352819247,1352819250,3,3,4
1352819228,1352819282,9,1,0
1352820800,1352820803,3,3,4
1352820861,1352820864,3,3,1
1352820886,1352820889,3,3,1
1352820903,1352820907,3,3,4
1352820972,1352824214,7,4,4
1352824287,1352824290,3,3,4
1352824424,1352824427,3,3,1
1352824463,1352824467,3,3,1
1352824488,1352824491,3,3,3
1352824592,1352824594,3,3,3
1352824651,1352824655,3,3,4
1352824707,1352825710,7,4,4
1352825790,1352825793,3,3,4
1352825821,1352825824,3,3,4
1352825927,1352827268,7,4,4
1352827355,1352827358,3,3,4
1352827480,1352827484,3,3,4
1352827527,1352828849,7,4,4
1352828918,1352828920,3,3,4
1352829111,1352829113,3,3,3
1352830388,1352830399,3,3,3
1352830408,1352830411,3,3,3
1352832214,1352832218,3,3,3
1352832256,1352832281,3,3,4
1352832301,1352832303,3,3,4
1352832390,1352832447,9,1,0
1352832546,1352832548,3,3,1
1352832610,1352832613,3,3,1
1352832722,1352832723,3,3,4
1352832793,1352843864,7,4,4
1352843904,1352843908,3,3,4
1352843910,1352843914,3,3,1
1352843982,1352843984,3,3,1
1352844004,1352844008,3,3,4
1352845027,1352845030,3,3,4
1352845040,1352845045,3,3,3
1352845076,1352845302,6,0,3
1352845328,1352845330,3,3,3
1352845341,1352845349,3,3,4
1352846069,1352846074,3,3,4
1352846082,1352846093,3,3,1
1352846251,1352846253,3,3,1
1352846372,1352846403,0,3,0
1352846452,1352846458,3,3,4
1352846650,1352846653,3,3,4
1352846667,1352846670,3,3,3
1352846690,1352846692,3,3,3
1352846705,1352846709,3,3,4
1352846761,1352848835,7,4,4
1352848867,1352848870,3,3,4
1352849240,1352849309,0,3,0
1352849334,1352849339,3,3,1
1352849324,1352849372,9,1,0
1352849381,1352866275,1,4,1
1352866346,1352866349,3,3,1
1352866519,1352866552,0,3,0
1352866555,1352866559,3,3,1
1352866611,1352880014,1,4,1
1352880082,1352880087,3,3,1
1352880294,1352880298,3,3,1
1352880283,1352880343,9,1,0
1352880368,1352880370,3,3,1
1352880386,1352880390,3,3,3
1352880437,1352880455,4,2,3
1352880467,1352880556,6,0,3
1352880566,1352880581,6,0,3
1352881068,1352881071,3,3,3
1352881205,1352881209,3,3,4
1352881300,1352881303,3,3,4
1352881331,1352881336,3,3,1
1352881341,1352881346,3,3,1
1352881354,1352881357,3,3,4
1352881390,1352885808,7,4,4
1352885846,1352885849,3,3,4
1352885896,1352885899,3,3,3
1352885990,1352885996,4,2,3
1352886403,1352886417,3,3,3
1352886862,1352886864,3,3,3
1352887154,1352887156,2,2,3
1352887272,1352887275,3,3,3
1352887351,1352887355,3,3,1
1352887581,1352887583,3,3,1
1352887647,1352887650,3,3,4
1352887706,1352888138,7,4,4
1352888205,1352888210,3,3,4
1352888329,1352888332,3,3,4
1352888376,1352889258,7,4,4
1352889343,1352889346,3,3,4
1352889365,1352889388,3,3,3
1352889907,1352889910,3,3,3
1352890059,1352890337,0,3,0
1352890563,1352890735,8,3,0
1352890816,1352890962,0,3,0
1352891270,1352891333,0,3,0
1352891442,1352891446,3,3,1
1352892030,1352892034,3,3,1
1352892091,1352892175,0,3,0
1352892540,1352892555,3,3,4
1352893327,1352893329,3,3,4
1352893331,1352893335,3,3,1
1352893382,1352893396,3,3,1
1352893503,1352893506,3,3,4
1352893614,1352893889,7,4,4
1352893929,1352893934,3,3,4
1352893939,1352893944,5,2,2
1352894047,1352894050,3,3,4
1352894070,1352894073,3,3,4
1352894067,1352894075,5,2,2
1352894081,1352894085,3,3,3
1352894124,1352894127,3,3,3
1352894138,1352894142,3,3,4
1352894154,1352894157,3,3,4
1352894270,1352894277,5,2,2
1352899351,1352899357,5,2,2
1352899391,1352899441,9,1,0
1352899402,1352899453,0,3,0
1352899454,1352899468,3,3,4
1352899609,1352899615,3,3,4
1352899633,1352899637,3,3,1
1352899701,1352899705,3,3,1
1352899779,1352899786,5,2,2
1352904578,1352904584,5,2,2
1352904607,1352904610,3,3,4
1352904893,1352904896,3,3,4
1352905125,1352905129,3,3,4
1352905151,1352918875,7,4,4
1352918933,1352918939,3,3,4
1352919227,1352919231,3,3,4
1352919295,1352919298,3,3,4
1352919349,1352919353,3,3,1
1352919377,1352919379,3,3,1
1352919643,1352919646,3,3,4
1352919729,1352919732,3,3,4
1352919741,1352919744,3,3,3
1352920202,1352920206,3,3,3
1352920298,1352920301,3,3,4
1352920378,1352923489,7,4,4
1352923506,1352923508,3,3,4
1352923586,1352923589,3,3,4
1352925429,1352925433,3,3,4
1352925441,1352925446,3,3,3
1352925622,1352925742,6,0,3
1352925743,1352925749,2,2,3
1352925760,1352925762,3,3,3
1352925772,1352925775,3,3,4
1352925846,1352925849,3,3,4
1352925859,1352925861,3,3,3
1352925864,1352925875,6,0,3
1352925931,1352925937,4,2,3
1352925949,1352925952,4,2,3
1352926025,1352926028,3,3,3
1352926035,1352926038,3,3,4
1352926103,1352927625,7,4,4
1352927663,1352927666,3,3,4
1352927677,1352927681,3,3,3
1352927747,1352927765,4,2,3
1352927865,1352927867,3,3,3
1352927915,1352927919,3,3,4
1352927964,1352930715,7,4,4
1352930774,1352930776,3,3,4
1352930853,1352930856,3,3,1
1352931091,1352931097,3,3,1
1352931120,1352931123,3,3,3
1352931131,1352931134,3,3,3
1352931153,1352931157,3,3,4
1352931197,1352934321,7,4,4
1352934399,1352934405,3,3,4
1352934440,1352934448,0,3,0
1352934557,1352934605,9,1,0
1352934582,1352934610,0,3,0
1352934624,1352934629,3,3,1
1352934656,1352936340,1,4,1
1352936396,1352936400,3,3,1
1352936408,1352936414,3,3,1
1352936450,1352936572,1,4,1
1352936596,1352936599,3,3,1
1352936620,1352936629,3,3,4
1352936642,1352940853,7,4,4
1352940871,1352940878,3,3,4
1352940927,1352940929,3,3,1
1352940944,1352961887,1,4,1
1352961967,1352961970,3,3,1
1352962331,1352962372,9,1,0
1352962406,1352962409,3,3,1
1352962426,1352968402,1,4,1
1352968471,1352968476,3,3,1
1352968580,1352968583,3,3,4
1352968635,1352968638,3,3,4
1352968653,1352968657,3,3,3
1352968923,1352968941,4,2,3
1352968950,1352969046,6,0,3
1352969232,1352969236,3,3,3
1352969263,1352969266,3,3,4
1352969285,1352969288,3,3,4
1352969572,1352969577,0,3,0
1352969515,1352969590,9,1,0
1352969598,1352969601,3,3,1
1352969623,1352969626,3,3,1
1352969628,1352969813,0,3,0
1352969898,1352970293,8,3,0
1352970327,1352970445,0,3,0
1352970496,1352970500,3,3,1
1352970650,1352970651,3,3,1
1352970668,1352970674,3,3,3
1352970982,1352970984,3,3,3
1352971024,1352971028,3,3,1
1352971241,1352971245,3,3,1
1352971425,1352971429,3,3,4
1352971601,1352974790,7,4,4
1352974937,1352974940,3,3,4
1352975393,1352975397,3,3,1
1352975934,1352975954,3,3,1
1352976153,1352976176,5,2,2
1352980950,1352980958,5,2,2
1352980974,1352980976,3,3,3
1352980984,1352980987,3,3,3
1352980996,1352980998,3,3,4
1352981168,1352981171,3,3,4
1352981182,1352981185,3,3,3
1352981223,1352981225,3,3,3
1352981230,1352981233,3,3,4
1352981396,1352985630,7,4,4
1352985762,1352985765,3,3,4
1352985775,1352985780,3,3,3
1352986442,1352986445,3,3,3
1352986457,1352986460,3,3,4
1352986887,1352986891,3,3,4
1352986903,1352986905,3,3,3
1352987353,1352987356,2,2,3
1352987381,1352987385,3,3,3
1352987394,1352987397,3,3,4
1352988245,1352988250,3,3,4
1352988258,1352988260,3,3,3
1352989449,1352989452,4,2,3
1352990060,1352990063,3,3,3
1352990148,1352990151,3,3,4
1352990469,1352990471,3,3,4
1352990531,1352990534,3,3,3
1352990563,1352990568,4,2,3
1352990599,1352990602,3,3,3
1352990604,1352990606,3,3,4
1352990728,1352990732,3,3,4
1352990911,1352990984,9,1,0
1352990933,1352990994,0,3,0
1352991021,1352991025,3,3,4
1352991245,1352991249,3,3,4
1352991261,1352991272,5,2,2
1353006650,1353006657,5,2,2
1353006686,1353006688,3,3,4
1353006961,1353006964,3,3,4
1353006976,1353006978,3,3,3
1353007032,1353007036,3,3,3
1353007050,1353007054,3,3,4
1353013617,1353013619,3,3,4
1353013646,1353013649,3,3,3
1353014547,1353014549,3,3,3
1353014561,1353014564,3,3,4
1353014762,1353014764,3,3,4
1353014774,1353014776,3,3,3
1353014887,1353014897,2,2,3
1353014799,1353015040,6,0,3
1353015044,1353015048,3,3,3
1353015057,1353015060,3,3,4
1353023311,1353023315,3,3,4
1353023326,1353023329,3,3,3
1353023431,1353023434,3,3,3
1353023450,1353023455,3,3,4
1353023471,1353023474,3,3,4
1353023499,1353023672,0,3,0
1353023705,1353023712,0,3,0
1353023674,1353023717,9,1,0
1353023723,1353023725,3,3,4
1353023876,1353023879,3,3,4
1353023883,1353023885,3,3,1
1353023945,1353058586,1,4,1
1353058675,1353058678,3,3,1
1353058680,1353058683,3,3,4
1353058730,1353058733,3,3,4
1353058754,1353058758,3,3,3
1353058809,1353058811,4,2,3
1353058879,1353058933,6,0,3
1353059576,1353059578,3,3,3
1353060226,1353060416,8,3,0
1353060564,1353060757,0,3,0
1353060955,1353061066,0,3,0
1353061349,1353061353,3,3,1
1353062350,1353062356,3,3,1
1353062411,1353062873,0,3,0
1353062899,1353062902,3,3,4
1353064150,1353064152,3,3,4
1353064172,1353064173,3,3,3
1353064176,1353064182,4,2,3
1353064195,1353064197,3,3,3
1353064206,1353064212,5,2,2
1353066823,1353066829,5,2,2
1353066943,1353066947,3,3,1
1353066978,1353066980,3,3,1
1353066988,1353066991,3,3,4
1353067073,1353070311,7,4,4
1353070328,1353070332,3,3,4
1353070355,1353070359,3,3,3
1353071511,1353071515,3,3,3
1353071524,1353071529,3,3,4
1353071940,1353071945,3,3,4
1353071953,1353071956,3,3,3
1353072040,1353072047,2,2,3
1353072115,1353072119,3,3,3
1353072128,1353072131,3,3,4
1353072368,1353072371,3,3,4
1353072379,1353072382,3,3,3
1353072518,1353072521,3,3,3
1353072529,1353072533,3,3,4
1353073683,1353073686,3,3,4
1353073696,1353073699,3,3,3
1353073778,1353073780,3,3,3
1353073790,1353073793,3,3,4
1353074059,1353074062,3,3,4
1353074071,1353074097,3,3,3
1353074153,1353074155,3,3,3
1353074728,1353074816,9,1,0
1353074826,1353074840,3,3,1
1353074946,1353074960,3,3,1
1353075021,1353075025,3,3,4
1353075383,1353075385,3,3,4
1353075455,1353075462,5,2,2
1353085438,1353085443,5,2,2
1353085459,1353085463,3,3,4
1353085478,1353085481,3,3,4
1353085749,1353085806,9,1,0
1353085854,1353085857,3,3,4
1353085896,1353085899,3,3,4
1353085910,1353085915,3,3,3
1353086078,1353086089,4,2,3
1353086072,1353086172,6,0,3
1353086185,1353086188,3,3,3
1353086216,1353086219,3,3,4
1353086291,1353093419,7,4,4
1353093435,1353093438,3,3,4
1353093450,1353093458,3,3,3
1353093475,1353093477,3,3,3
1353093553,1353093557,3,3,4
1353093924,1353094440,7,4,4
1353094446,1353094449,3,3,4
1353094460,1353094464,3,3,3
1353094477,1353094479,3,3,3
1353094493,1353094496,3,3,4
1353094502,1353098269,7,4,4
1353098295,1353098300,3,3,4
1353099757,1353099760,3,3,4
1353099817,1353099819,3,3,4
1353100215,1353100241,0,3,0
1353100308,1353100311,3,3,4
1353100682,1353100684,3,3,4
1353100721,1353100732,5,2,2
1353115190,1353115196,5,2,2
1353115247,1353115256,3,3,1
1353115330,1353115332,3,3,1
1353115364,1353115367,3,3,4
1353115476,1353115478,3,3,4
1353115595,1353115782,0,3,0
1353115865,1353115920,9,1,0
1353115885,1353116031,0,3,0
1353116071,1353116075,3,3,1
1353116166,1353141927,1,4,1
1353141991,1353141996,3,3,1
1353142337,1353142402,9,1,0
1353142555,1353142558,3,3,4
1353142645,1353142648,3,3,4
1353142658,1353142662,3,3,3
1353142721,1353142727,4,2,3
1353142742,1353142745,4,2,3
1353142766,1353142856,6,0,3
1353143034,1353143038,3,3,3
1353143248,1353143251,3,3,1
1353143852,1353143854,3,3,1
1353143886,1353144067,8,3,0
1353144087,1353144332,0,3,0
1353144553,1353144863,0,3,0
1353144953,1353144957,3,3,1
1353144962,1353144964,3,3,1
1353145126,1353145323,0,3,0
1353145401,1353145404,3,3,1
1353145453,1353145456,3,3,1
1353145639,1353145647,5,2,2
1353150888,1353150895,5,2,2
1353150925,1353150943,3,3,4
1353151174,1353151177,3,3,4
1353151185,1353151189,3,3,1
1353151583,1353151587,3,3,1
1353151637,1353151641,3,3,1
1353152017,1353152019,3,3,1
1353152158,1353152628,0,3,0
1353152641,1353152651,3,3,1
1353152688,1353152692,3,3,1
1353152724,1353152727,3,3,4
1353152748,1353157626,7,4,4
1353157705,1353157708,3,3,4
1353157717,1353157722,3,3,3
1353157732,1353157734,3,3,3
1353157744,1353157747,3,3,4
1353157853,1353159110,7,4,4
1353159115,1353159118,3,3,4
1353159128,1353159134,3,3,4
1353159490,1353159493,3,3,4
1353159602,1353159651,3,3,1
1353159664,1353159703,3,3,1
1353159733,1353159736,5,2,2
1353165848,1353165853,5,2,2
1353165885,1353165888,3,3,1
1353165927,1353165940,3,3,1
1353166226,1353166235,0,3,0
1353166254,1353166257,3,3,4
1353166216,1353166272,9,1,0
1353166321,1353166324,3,3,4
1353166331,1353166334,3,3,3
1353166352,1353166355,3,3,3
1353166365,1353166368,3,3,4
1353166398,1353169658,7,4,4
1353169733,1353169735,3,3,4
1353169827,1353169830,3,3,3
1353169848,1353169850,3,3,3
1353169863,1353169866,3,3,4
1353170106,1353170110,3,3,4
1353170119,1353170123,3,3,1
1353170206,1353170208,3,3,1
1353170370,1353170374,3,3,4
1353171634,1353171637,3,3,4
1353173870,1353173873,3,3,4
1353175254,1353175258,3,3,4
1353175267,1353175269,3,3,3
1353175281,1353175290,3,3,3
1353175298,1353175301,3,3,4
1353175331,1353177451,7,4,4
1353177565,1353177568,3,3,4
1353177582,1353177585,3,3,3
1353177692,1353177695,3,3,3
1353177712,1353177715,3,3,4
1353177795,1353180355,7,4,4
1353180386,1353180389,3,3,4
1353180401,1353180410,3,3,3
1353180414,1353180461,6,0,3
1353180471,1353180478,3,3,3
1353180488,1353180492,3,3,4
1353180655,1353180658,3,3,4
1353180667,1353180671,3,3,3
1353180675,1353180682,6,0,3
1353180687,1353180693,3,3,3
1353180721,1353180724,3,3,4
1353180842,1353180845,3,3,4
1353180940,1353180944,3,3,1
1353181021,1353181026,3,3,1
1353181078,1353181079,3,3,4
1353181426,1353181429,3,3,4
1353181475,1353181544,9,1,0
1353181560,1353181588,0,3,0
1353181601,1353181602,3,3,1
1353181613,1353181617,3,3,1
1353181670,1353181673,3,3,4
1353181810,1353181814,3,3,4
1353181817,1353181821,3,3,1
1353181831,1353181835,3,3,1
1353181841,1353181844,3,3,4
1353182029,1353182032,3,3,4
1353182056,1353182117,0,3,0
1353182164,1353182167,3,3,4
1353183536,1353183539,3,3,4
1353183547,1353183556,5,2,2
1353195077,1353195080,5,2,2
1353195126,1353195136,3,3,1
1353195310,1353195314,3,3,1
1353195561,1353195564,3,3,4
1353195624,1353198804,7,4,4
1353198846,1353198849,3,3,4
1353199152,1353199159,3,3,1
1353199218,1353225393,1,4,1
1353225458,1353225462,3,3,1
1353225465,1353225469,3,3,4
1353225536,1353225542,3,3,4
1353225553,1353225556,3,3,3
1353225582,1353225584,3,3,3
1353225911,1353225973,9,1,0
1353226045,1353226048,3,3,3
1353226165,1353226170,4,2,3
1353226185,1353226278,6,0,3
1353226340,1353226342,4,2,3
1353226473,1353226475,3,3,3
1353226796,1353226799,3,3,1
1353226840,1353226844,3,3,1
1353226864,1353226866,3,3,3
1353226868,1353226870,3,3,3
1353226931,1353227388,8,3,0
1353227421,1353227989,0,3,0
1353228078,1353228295,0,3,0
1353228451,1353228453,3,3,1
1353228813,1353228815,3,3,1
1353229168,1353229171,5,2,2
1353229609,1353229614,5,2,2
1353229658,1353229661,3,3,1
1353229698,1353229700,3,3,1
1353229748,1353229751,3,3,3
1353230623,1353230626,3,3,3
1353230658,1353230661,3,3,1
1353231052,1353231055,3,3,1
1353231060,1353231062,3,3,4
1353231200,1353231204,3,3,4
1353231399,1353231402,3,3,4
1353231453,1353232137,7,4,4
1353232138,1353232141,3,3,4
1353232384,1353232386,5,2,2
1353245648,1353245652,5,2,2
1353245658,1353245660,3,3,4
1353245865,1353245868,3,3,4
1353245926,1353245929,3,3,3
1353246595,1353246597,3,3,3
1353246605,1353246608,3,3,4
1353246629,1353246632,3,3,4
1353246649,1353246652,3,3,3
1353246664,1353246674,2,2,3
1353246920,1353246924,3,3,3
1353246934,1353246937,3,3,4
1353246968,1353246971,3,3,4
1353246980,1353246986,3,3,3
1353247059,1353247062,3,3,3
1353247074,1353247078,3,3,4
1353250470,1353250473,3,3,4
1353250482,1353250486,3,3,3
1353250626,1353250627,3,3,3
1353250628,1353250631,3,3,4
1353250728,1353250733,3,3,4
1353250742,1353250746,3,3,3
1353253905,1353253911,3,3,3
1353253921,1353253925,3,3,4
1353255269,1353255272,3,3,4
1353255282,1353255285,3,3,3
1353255605,1353255607,3,3,3
1353255955,1353256020,9,1,0
1353255976,1353256251,0,3,0
1353256261,1353256263,3,3,4
1353257067,1353257069,3,3,4
1353257073,1353257119,0,3,0
1353257133,1353257136,3,3,4
1353257177,1353259442,7,4,4
1353259514,1353259517,3,3,4
1353259529,1353259531,3,3,3
1353259778,1353259782,3,3,3
1353259791,1353259797,3,3,4
1353259819,1353259821,3,3,4
1353259829,1353259833,3,3,3
1353259927,1353259934,3,3,3
1353259942,1353259945,3,3,4
1353259963,1353260853,7,4,4
1353260857,1353260860,3,3,4
1353260970,1353260974,3,3,4
1353261244,1353263977,7,4,4
1353264006,1353264009,3,3,4
1353264019,1353264026,3,3,3
1353264286,1353264292,3,3,3
1353264591,1353264594,3,3,4
1353264767,1353264769,3,3,4
1353264805,1353264813,5,2,2
1353273816,1353273823,5,2,2
1353273841,1353273843,3,3,3
1353273862,1353273868,4,2,3
1353273905,1353273909,4,2,3
1353273963,1353273965,3,3,3
1353273979,1353273982,3,3,4
1353273990,1353273993,3,3,4
1353274010,1353274019,3,3,1
1353274146,1353274149,3,3,1
1353274232,1353274471,0,3,0
1353274846,1353274971,0,3,0
1353275017,1353275020,3,3,4
1353276021,1353276024,3,3,4
1353276036,1353276042,3,3,3
1353276160,1353276164,3,3,3
1353276172,1353276175,3,3,4
1353276189,1353276191,3,3,4
1353276196,1353276198,0,3,0
1353276203,1353276206,3,3,4
1353276266,1353276269,3,3,4
1353276280,1353276282,3,3,3
1353276059,1353276288,6,0,3
1353276314,1353276316,3,3,3
1353276321,1353276324,3,3,4
1353276374,1353280020,7,4,4
1353280130,1353280133,3,3,4
1353280144,1353280149,3,3,3
1353280206,1353280209,3,3,3
1353280322,1353280363,9,1,0
1353280374,1353280378,3,3,1
1353280452,1353316066,1,4,1
1353316186,1353316193,3,3,1
1353316270,1353316340,9,1,0
1353316403,1353316407,3,3,3
1353316441,1353316445,4,2,3
1353316470,1353316474,4,2,3
1353316491,1353316632,6,0,3
1353317070,1353317088,4,2,3
1353317100,1353317103,3,3,3
1353317114,1353317128,3,3,4
1353317603,1353317606,3,3,4
1353317617,1353317621,3,3,3
1353317637,1353317639,3,3,3
1353317654,1353317657,3,3,4
1353317768,1353320844,7,4,4
1353320861,1353320866,3,3,4
1353320919,1353320926,3,3,3
1353321016,1353321018,3,3,3
1353321040,1353321043,3,3,4
1353321217,1353321220,3,3,4
1353321288,1353321293,3,3,1
1353321496,1353321497,3,3,1
1353321503,1353321507,3,3,4
1353321514,1353321517,3,3,4
1353321532,1353321536,3,3,3
1353321555,1353321557,3,3,3
1353321571,1353321573,3,3,1
1353321773,1353321775,3,3,1
1353321780,1353321783,3,3,4
1353321789,1353321792,3,3,4
1353322141,1353322146,3,3,3
1353322160,1353322162,3,3,3
1353322293,1353322375,0,3,0
1353322743,1353322901,0,3,0
1353323073,1353323489,8,3,0
1353323671,1353323725,9,1,0
1353323877,1353323896,0,3,0
1353324271,1353324274,3,3,4
1353324555,1353324558,3,3,4
1353324585,1353324810,0,3,0
1353324992,1353324997,3,3,1
1353325081,1353325083,3,3,1
1353325152,1353325155,3,3,4
1353325209,1353325211,3,3,4
1353325219,1353325223,3,3,3
1353325250,1353325252,3,3,3
1353325263,1353325266,3,3,4
1353325359,1353331564,7,4,4
1353331621,1353331623,3,3,4
1353331628,1353331651,0,3,0
1353331666,1353331669,3,3,4
1353331699,1353331701,3,3,4
1353331767,1353331768,0,3,0
1353331812,1353331822,3,3,1
1353331762,1353331826,9,1,0
1353331857,1353331859,3,3,1
1353331904,1353331907,5,2,2
1353336749,1353336753,5,2,2
1353336753,1353336755,3,3,4
1353336845,1353336848,3,3,4
1353336853,1353336855,3,3,4
1353336851,1353336891,9,1,0
1353336922,1353336924,3,3,4
1353336928,1353336932,3,3,3
1353336950,1353336952,4,2,3
1353337214,1353337328,6,0,3
1353337358,1353337497,6,0,3
1353337510,1353337512,4,2,3
1353337667,1353337669,3,3,3
1353337683,1353337685,3,3,4
1353337741,1353350521,7,4,4
1353350671,1353350675,3,3,4
1353350731,1353350734,3,3,4
1353350933,1353350936,3,3,4
1353351030,1353351034,3,3,3
1353351331,1353351335,3,3,3
1353351398,1353351404,3,3,4
1353351409,1353356968,7,4,4
1353357063,1353357066,3,3,4
1353357075,1353357078,3,3,4
1353358767,1353358771,3,3,4
1353358783,1353358786,3,3,3
1353358849,1353358860,4,2,3
1353358903,1353358909,2,2,3
1353358833,1353358953,6,0,3
1353359077,1353359079,3,3,3
1353359133,1353359136,3,3,4
1353359200,1353359208,3,3,4
1353359219,1353359224,3,3,3
1353359232,1353359235,3,3,3
1353359247,1353359249,3,3,4
1353360294,1353360298,3,3,4
1353360306,1353360591,0,3,0
1353360609,1353360612,3,3,4
1353360651,1353360654,3,3,4
1353360666,1353360685,3,3,3
1353360715,1353360719,4,2,3
1353360724,1353360726,3,3,3
1353360752,1353360760,3,3,4
1353360794,1353367240,7,4,4
1353367365,1353367368,3,3,4
1353367402,1353367404,3,3,3
1353367435,1353367436,3,3,3
1353367451,1353367486,3,3,4
1353367516,1353370866,7,4,4
1353370948,1353370951,3,3,4
1353371030,1353371085,9,1,0
1353371113,1353371115,3,3,1
1353371231,1353401773,1,4,1
1353401913,1353401916,3,3,1
1353401980,1353401983,3,3,4
1353402104,1353402107,3,3,4
1353402127,1353402129,3,3,3
1353402872,1353402876,3,3,3
1353402897,1353402899,3,3,4
1353402904,1353402907,3,3,4
1353402910,1353402914,3,3,1
1353402950,1353402952,3,3,1
1353403262,1353403266,3,3,4
1353403197,1353403273,9,1,0
1353403278,1353403281,3,3,4
1353403302,1353403308,3,3,3
1353403494,1353403499,4,2,3
1353403840,1353403842,3,3,3
1353403919,1353403922,3,3,4
1353404222,1353404225,3,3,4
1353404238,1353404248,3,3,1
1353404269,1353404271,3,3,1
1353404435,1353404898,0,3,0
1353405233,1353405521,0,3,0
1353405616,1353405618,3,3,3
1353405651,1353405655,4,2,3
1353406482,1353406484,3,3,3
1353406522,1353406524,3,3,4
1353406634,1353412450,7,4,4
1353412540,1353412542,3,3,4
1353412908,1353412982,9,1,0
1353413008,1353413011,3,3,3
1353413099,1353413115,4,2,3
1353413395,1353413397,3,3,3
1353413408,1353413411,3,3,4
1353413438,1353413441,3,3,4
1353413451,1353413453,3,3,3
1353413720,1353413723,3,3,3
1353414029,1353414032,3,3,4
1353414496,1353414499,3,3,4
1353414513,1353414515,3,3,3
1353414792,1353414795,3,3,3
1353414805,1353414807,3,3,4
1353415103,1353415106,3,3,4
1353417003,1353417006,3,3,4
1353417892,1353417895,3,3,4
1353417911,1353417914,3,3,3
1353418029,1353418049,2,2,3
1353418221,1353418224,3,3,3
1353418233,1353418236,3,3,4
1353418555,1353418558,3,3,4
1353418567,1353418578,3,3,3
1353418661,1353418706,4,2,3
1353418715,1353418717,3,3,3
1353418726,1353418730,3,3,4
1353419782,1353419785,3,3,4
1353419890,1353419896,3,3,3
1353420735,1353420739,3,3,3
1353420748,1353420752,3,3,4
1353420822,1353422532,7,4,4
1353422602,1353422604,3,3,4
1353422606,1353422610,3,3,3
1353422643,1353422645,3,3,3
1353423026,1353423028,3,3,4
1353423081,1353423085,3,3,4
1353423159,1353423162,3,3,3
1353423188,1353423190,3,3,3
1353423280,1353423283,3,3,4
1353423267,1353423327,9,1,0
1353423404,1353423407,3,3,4
1353423555,1353423559,5,2,2
1353439874,1353439881,5,2,2
1353440044,1353440047,3,3,4
1353440144,1353440254,7,4,4
1353440271,1353440273,3,3,4
1353440275,1353440278,3,3,4
1353440281,1353444617,7,4,4
1353444689,1353444692,3,3,4
1353444707,1353444715,3,3,3
1353445029,1353445032,3,3,3
1353445041,1353445044,3,3,4
1353445086,1353452472,7,4,4
1353452622,1353452624,3,3,4
1353452631,1353452646,0,3,0
1353452757,1353452758,3,3,4
1353452795,1353452798,3,3,4
1353452935,1353452969,0,3,0
1353452927,1353452983,9,1,0
1353452987,1353452990,3,3,4
1353453015,1353453018,3,3,4
1353453135,1353453137,3,3,1
1353453174,1353487967,1,4,1
1353487990,1353487992,3,3,1
1353488340,1353488407,9,1,0
1353488418,1353488421,3,3,4
1353488460,1353488463,3,3,4
1353488481,1353488483,3,3,3
1353488552,1353488555,4,2,3
1353488568,1353488571,4,2,3
1353488793,1353488799,4,2,3
1353488808,1353488810,3,3,3
1353488820,1353488823,3,3,4
1353488947,1353493829,7,4,4
1353493976,1353493979,3,3,4
1353494032,1353494035,3,3,4
1353494087,1353494089,3,3,4
1353494277,1353494666,0,3,0
1353494885,1353494958,9,1,0
1353494991,1353495165,0,3,0
1353495708,1353495711,5,2,2
1353497165,1353497170,5,2,2
1353497792,1353497794,3,3,3
1353498265,1353498267,3,3,3
1353498313,1353498316,3,3,4
1353498366,1353500777,7,4,4
1353500867,1353500870,3,3,4
1353500881,1353500883,3,3,3
1353501052,1353501055,3,3,3
1353501065,1353501068,3,3,4
1353501088,1353501091,3,3,4
1353501318,1353501323,3,3,1
1353501668,1353501670,3,3,1
1353501673,1353501676,3,3,4
1353501759,1353501761,3,3,4
1353502051,1353502054,3,3,1
1353502067,1353502073,3,3,1
1353502100,1353502104,3,3,4
1353502693,1353502696,3,3,4
1353502753,1353502764,3,3,3
1353503433,1353503436,3,3,3
1353503444,1353503447,3,3,4
1353503576,1353506496,7,4,4
1353506503,1353506507,3,3,4
1353506528,1353506531,3,3,3
1353507281,1353507285,2,2,3
1353507338,1353507341,3,3,3
1353507351,1353507354,3,3,4
1353507757,1353507760,3,3,4
1353507849,1353507852,3,3,4
1353507872,1353507874,3,3,4
1353507883,1353507887,3,3,3
1353508327,1353508330,3,3,3
1353508339,1353508342,3,3,4
1353509636,1353509639,3,3,4
1353509648,1353509651,3,3,3
1353509696,1353509698,3,3,3
1353509707,1353509709,3,3,4
1353509738,1353509741,3,3,4
1353509769,1353509774,3,3,3
1353509856,1353509858,3,3,3
1353509866,1353509869,3,3,4
1353509893,1353516499,7,4,4
1353516629,1353516632,3,3,4
1353516645,1353516649,3,3,3
1353516782,1353516795,4,2,3
1353516946,1353516948,3,3,3
1353516963,1353516966,3,3,4
1353517031,1353521128,7,4,4
1353521178,1353521181,3,3,4
1353521581,1353521584,3,3,4
1353521718,1353525236,7,4,4
1353525246,1353525249,3,3,4
1353526459,1353526462,3,3,4
1353528077,1353528079,3,3,4
1353528082,1353528086,3,3,1
1353528129,1353528132,3,3,1
1353528167,1353528169,3,3,4
1353528187,1353528194,3,3,4
1353528255,1353528258,3,3,1
1353528271,1353528273,3,3,1
1353528472,1353528475,3,3,4
1353528515,1353528517,3,3,4
1353528539,1353528579,9,1,0
1353528620,1353528623,3,3,1
1353528636,1353528638,3,3,1
1353528668,1353528671,3,3,4
1353528803,1353528806,3,3,4
1353528823,1353528826,3,3,3
1353528850,1353528852,3,3,3
1353528858,1353528861,3,3,4
1353529083,1353529087,3,3,4
1353529093,1353529102,5,2,2
1353544809,1353544816,5,2,2
1353544842,1353544844,3,3,3
1353544928,1353544946,4,2,3
1353544966,1353544968,3,3,3
1353545137,1353545142,3,3,1
1353545225,1353545229,3,3,1
1353545244,1353545263,0,3,0
1353545535,1353545538,3,3,4
1353545654,1353545657,3,3,4
1353545736,1353545739,3,3,1
1353545775,1353561796,1,4,1
1353561816,1353561819,3,3,1
1353561949,1353561957,3,3,1
1353572954,1353575389,1,4,1
1353575505,1353575508,3,3,1
1353575830,1353575833,3,3,4
1353575788,1353575857,9,1,0
1353575955,1353575958,3,3,4
1353575992,1353575995,3,3,3
1353576026,1353576049,4,2,3
1353576241,1353576270,4,2,3
1353576307,1353576366,2,2,3
1353577336,1353577345,3,3,3
1353577510,1353577513,3,3,4
1353577921,1353577924,3,3,4
1353577975,1353577978,3,3,1
1353578383,1353578385,3,3,1
1353578547,1353578549,3,3,3
1353578943,1353578953,2,2,3
1353579027,1353579030,3,3,3
1353579097,1353579101,3,3,4
1353579120,1353581753,7,4,4
1353581766,1353581769,3,3,4
1353581801,1353581802,3,3,3
1353581804,1353581809,4,2,3
1353582545,1353582547,3,3,3
1353583226,1353583886,0,3,0
1353584295,1353584298,3,3,4
1353584351,1353584737,7,4,4
1353584738,1353584740,3,3,4
1353584815,1353584817,3,3,4
1353585918,1353585921,3,3,4
1353586661,1353586666,3,3,4
1353586694,1353592556,7,4,4
1353592559,1353592561,3,3,4
1353592572,1353592575,3,3,3
1353592941,1353592943,3,3,3
1353593080,1353593138,9,1,0
1353593151,1353593153,3,3,3
1353593184,1353593243,4,2,3
1353593256,1353593259,3,3,3
1353593266,1353593270,3,3,4
1353594362,1353594365,3,3,4
1353594377,1353594379,3,3,3
1353594430,1353594435,4,2,3
1353594444,1353594446,3,3,3
1353594454,1353594458,3,3,4
1353598969,1353598972,3,3,4
1353598988,1353599012,3,3,3
1353599504,1353599514,2,2,3
1353599594,1353599596,3,3,3
1353599614,1353599618,3,3,4
1353599662,1353604392,7,4,4
1353604532,1353604534,3,3,4
1353604545,1353604549,3,3,3
1353604632,1353604645,4,2,3
1353604771,1353604775,3,3,3
1353604792,1353604795,3,3,4
1353604872,1353612073,7,4,4
1353612215,1353612217,3,3,4
1353612432,1353612435,3,3,3
1353612642,1353612648,3,3,3
1353612666,1353612670,3,3,4
1353612721,1353612723,3,3,4
1353612735,1353612739,3,3,3
1353613103,1353613105,3,3,3
1353613116,1353613119,3,3,4
1353613880,1353613883,3,3,4
1353613901,1353613904,3,3,1
1353614296,1353614298,3,3,1
1353614508,1353614563,0,3,0
1353614723,1353614770,9,1,0
1353614870,1353614874,3,3,4
1353615025,1353615027,3,3,4
1353615068,1353615071,3,3,1
1353615099,1353615101,3,3,1
1353615145,1353615148,3,3,4
1353615299,1353615303,3,3,4
1353615324,1353615326,5,2,2
1353627292,1353627295,5,2,2
1353627353,1353627357,3,3,1
1353627360,1353627362,3,3,1
1353627375,1353627379,3,3,4
1353627386,1353627388,3,3,4
1353627398,1353627402,3,3,3
1353627477,1353627525,4,2,3
1353627535,1353627537,3,3,3
1353627644,1353627647,3,3,1
1353627670,1353627673,3,3,1
1353627879,1353627948,9,1,0
1353627959,1353627997,0,3,0
1353628004,1353628008,3,3,4
1353628025,1353628030,3,3,4
1353628032,1353628036,3,3,1
1353628105,1353628108,3,3,1
1353628115,1353628117,3,3,4
1353628140,1353630677,7,4,4
1353630767,1353630770,3,3,4
1353630797,1353630799,0,3,0
1353630811,1353630813,3,3,1
1353630925,1353658455,1,4,1
1353660019,1353660023,3,3,1
1353660291,1353660353,9,1,0
1353660355,1353660359,3,3,4
1353660483,1353660485,3,3,4
1353660488,1353660492,3,3,1
1353660540,1353660542,3,3,1
1353660565,1353660566,3,3,3
1353660836,1353660838,4,2,3
1353661162,1353661165,3,3,3
1353661234,1353661238,3,3,4
1353662228,1353662232,3,3,4
1353662239,1353662241,3,3,3
1353662267,1353662269,3,3,3
1353662280,1353662283,3,3,4
1353662934,1353662937,3,3,4
1353663149,1353663487,0,3,0
1353663811,1353664071,0,3,0
1353664083,1353664086,3,3,1
1353664089,1353664093,3,3,1
1353664124,1353664126,0,3,0
1353664319,1353664321,0,3,0
1353664352,1353664355,3,3,1
1353664420,1353664422,3,3,1
1353664589,1353664594,5,2,2
1353670547,1353670552,5,2,2
1353670568,1353670570,3,3,3
1353670573,1353670575,3,3,3
1353670656,1353670659,3,3,1
1353671126,1353671129,3,3,1
1353671314,1353671317,3,3,4
1353671586,1353671589,3,3,4
1353671604,1353671606,3,3,3
1353671793,1353671797,4,2,3
1353671808,1353671810,3,3,3
1353671820,1353671825,3,3,4
1353671840,1353671845,3,3,4
1353671850,1353671853,3,3,1
1353672221,1353672229,3,3,1
1353672235,1353672238,0,3,0
1353672253,1353672256,3,3,1
1353672306,1353672308,3,3,1
1353672316,1353672320,3,3,4
1353672375,1353675437,7,4,4
1353676988,1353676991,3,3,4
1353677026,1353677029,3,3,3
1353677676,1353677679,3,3,3
1353677688,1353677691,3,3,4
1353677925,1353677927,3,3,4
1353678046,1353678051,3,3,4
1353678032,1353678084,9,1,0
1353678098,1353678102,3,3,4
1353678112,1353678115,3,3,3
1353678285,1353678287,3,3,3
1353678297,1353678299,3,3,4
1353678423,1353678431,3,3,4
1353678436,1353678439,3,3,3
1353678713,1353678715,3,3,3
1353678722,1353678725,3,3,4
1353678780,1353685692,7,4,4
1353685760,1353685765,3,3,4
1353685775,1353685778,3,3,3
1353685802,1353685805,3,3,3
1353686164,1353686169,3,3,4
1353686115,1353686183,9,1,0
1353686244,1353686247,3,3,4
1353686259,1353686263,3,3,3
1353687081,1353687083,3,3,3
1353687099,1353687105,3,3,4
1353687130,1353689793,7,4,4
1353689829,1353689833,3,3,4
1353689880,1353689882,3,3,3
1353689896,1353689910,4,2,3
1353690036,1353690040,3,3,3
1353690060,1353690063,3,3,4
1353690360,1353690362,3,3,4
1353690385,1353690388,3,3,3
1353690396,1353690398,3,3,3
1353690430,1353690434,3,3,4
1353690439,1353696551,7,4,4
1353696601,1353696624,3,3,4
1353696805,1353696809,5,2,2
1353704623,1353704631,5,2,2
1353704871,1353704931,9,1,0
1353704956,1353704958,3,3,3
1353705138,1353705143,3,3,3
1353705292,1353705295,3,3,1
1353705333,1353705335,3,3,1
1353705348,1353705351,3,3,3
1353705411,1353705414,3,3,3
1353705458,1353713095,3,3,4
1353713115,1353713182,7,4,4
1353713223,1353713225,3,3,4
1353713275,1353713560,0,3,0
1353713620,1353713623,3,3,1
1353713766,1353747619,1,4,1
1353747737,1353747739,3,3,1
1353747759,1353747763,3,3,4
1353747859,1353747861,3,3,4
1353747882,1353747885,3,3,3
1353747937,1353747956,4,2,3
1353748202,1353748214,4,2,3
1353748314,1353748321,3,3,3
1353748380,1353748383,3,3,4
1353748400,1353748403,3,3,4
1353748745,1353748749,3,3,4
1353748679,1353748760,9,1,0
1353748811,1353751950,7,4,4
1353751980,1353751982,3,3,4
1353752176,1353752186,3,3,3
1353752305,1353752311,4,2,3
1353752358,1353752371,3,3,3
1353752382,1353752386,3,3,4
1353752537,1353752540,3,3,4
1353752544,1353752547,3,3,1
1353752961,1353752963,3,3,1
1353753011,1353753512,8,3,0
1353753594,1353753922,0,3,0
1353754308,1353754347,0,3,0
1353754430,1353754434,3,3,1
1353754528,1353754531,3,3,1
1353754795,1353754810,0,3,0
1353754875,1353754939,9,1,0
1353755205,1353755208,3,3,1
1353755285,1353755287,3,3,1
1353755312,1353755315,3,3,4
1353755329,1353755331,3,3,4
1353755341,1353755345,3,3,3
1353756227,1353756232,3,3,3
1353756330,1353756333,3,3,4
1353756623,1353756631,3,3,4
1353756637,1353756641,3,3,3
1353756652,1353756655,3,3,3
1353756667,1353756671,3,3,4
1353756687,1353759476,7,4,4
1353759502,1353759505,3,3,4
1353759546,1353759552,3,3,1
1353759561,1353759564,3,3,1
1353759570,1353759572,3,3,4
1353760038,1353760049,3,3,4
1353760075,1353760078,3,3,3
1353760236,1353760241,3,3,3
1353760251,1353760254,3,3,4
1353760620,1353760622,3,3,4
1353760827,1353760829,3,3,3
1353761367,1353761380,3,3,3
1353761401,1353761406,3,3,4
1353761543,1353761547,3,3,4
1353761755,1353761758,3,3,4
1353763926,1353763929,3,3,4
1353763931,1353763934,3,3,1
1353763951,1353763954,3,3,1
1353763958,1353763966,0,3,0
1353764137,1353764140,3,3,4
1353764170,1353764178,3,3,4
1353764190,1353764210,5,2,2
1353769139,1353769148,5,2,2
1353769156,1353769158,3,3,4
1353769170,1353769172,3,3,4
1353769192,1353769196,3,3,1
1353769228,1353769233,3,3,1
1353769244,1353769246,0,3,0
1353769268,1353769271,3,3,4
1353769285,1353769287,3,3,4
1353769240,1353769291,9,1,0
1353769370,1353769389,0,3,0
1353769340,1353769403,9,1,0
1353769405,1353769408,3,3,4
1353769460,1353783376,7,4,4
1353783502,1353783505,3,3,4
1353783518,1353783521,3,3,3
1353783522,1353783526,4,2,3
1353783550,1353783552,3,3,3
1353783579,1353783582,3,3,4
1353783639,1353783642,3,3,4
1353783651,1353783653,3,3,3
1353783673,1353783675,3,3,3
1353783686,1353783689,3,3,4
1353784016,1353784018,3,3,4
1353784027,1353784029,3,3,3
1353784077,1353784079,3,3,3
1353784089,1353784094,3,3,4
1353785468,1353785471,3,3,4
1353785480,1353785484,3,3,3
1353785491,1353785492,3,3,3
1353785503,1353785506,3,3,4
1353789613,1353789621,3,3,4
1353789635,1353789639,3,3,1
1353789708,1353789711,3,3,1
1353789725,1353789730,3,3,4
1353790458,1353790460,3,3,4
1353790683,1353790687,3,3,1
1353790740,1353790744,3,3,1
1353790805,1353790808,3,3,4
1353790873,1353790876,3,3,4
1353790915,1353790918,3,3,1
1353790930,1353790934,3,3,1
1353790947,1353790952,3,3,4
1353790907,1353790962,9,1,0
1353791821,1353791826,3,3,4
1353791845,1353791849,3,3,3
1353791871,1353791873,4,2,3
1353791930,1353791932,4,2,3
1353791940,1353791942,3,3,3
1353791954,1353791958,3,3,4
1353795662,1353795665,3,3,4
1353795672,1353795676,3,3,3
1353795696,1353795713,4,2,3
1353795786,1353795793,3,3,3
1353795823,1353795826,3,3,4
1353795856,1353800580,7,4,4
1353800650,1353800655,3,3,4
1353800675,1353800862,0,3,0
1353800897,1353800900,3,3,4
1353800952,1353804434,7,4,4
1353804484,1353804495,3,3,4
1353804618,1353804622,3,3,1
1353804674,1353831787,1,4,1
1353831855,1353831858,3,3,1
1353832148,1353832210,9,1,0
1353832159,1353832229,0,3,0
1353832281,1353832284,3,3,4
1353832397,1353832399,3,3,4
1353832431,1353832433,3,3,3
1353832725,1353832732,3,3,3
1353833010,1353833093,9,1,0
1353833045,1353833665,0,3,0
1353833756,1353833789,9,1,0
1353833882,1353833891,3,3,1
1353834177,1353834178,3,3,1
1353834195,1353834199,3,3,3
1353834236,1353834243,4,2,3
1353834244,1353834261,4,2,3
1353834465,1353834467,3,3,3
1353834587,1353834591,3,3,1
1353835286,1353835288,3,3,1
1353835322,1353835325,3,3,4
1353835439,1353836471,7,4,4
1353836474,1353836477,3,3,4
1353836532,1353836535,3,3,1
1353836555,1353836558,3,3,1
1353836682,1353836691,5,2,2
1353847161,1353847164,5,2,2
1353847346,1353847359,3,3,1
1353847307,1353847527,9,1,0
1353847651,1353847657,3,3,1
1353847673,1353847677,3,3,4
1353847693,1353847696,3,3,4
1353847707,1353847709,3,3,3
1353847794,1353847796,3,3,3
1353847807,1353847810,3,3,4
1353848459,1353850672,7,4,4
1353850704,1353850707,3,3,4
1353850716,1353850720,3,3,3
1353850769,1353850771,3,3,3
1353850806,1353850809,3,3,4
1353850848,1353850852,3,3,4
1353850894,1353850896,3,3,3
1353851228,1353851235,4,2,3
1353851304,1353851397,4,2,3
1353851454,1353851456,3,3,3
1353851466,1353851470,3,3,4
1353851837,1353851839,3,3,4
1353851847,1353851850,3,3,3
1353851996,1353851998,3,3,3
1353852011,1353852015,3,3,4
1353854831,1353854834,3,3,4
1353854844,1353854846,3,3,3
1353854898,1353854900,4,2,3
1353854904,1353854906,3,3,3
1353854980,1353854983,3,3,4
1353855391,1353855393,3,3,4
1353855405,1353855408,3,3,1
1353855435,1353855437,3,3,1
1353855472,1353855477,3,3,4
1353855507,1353855510,3,3,4
1353855531,1353855538,5,2,2
1353870599,1353870605,5,2,2
1353870628,1353870632,3,3,4
1353870691,1353870696,3,3,4
1353870817,1353870887,9,1,0
1353870923,1353870926,3,3,4
1353870991,1353877217,7,4,4
1353877261,1353877264,3,3,4
1353877299,1353877303,3,3,3
1353877770,1353877772,3,3,3
1353877782,1353877785,3,3,4
1353877800,1353877802,3,3,4
1353877809,1353877813,3,3,3
1353878010,1353878016,3,3,3
1353878021,1353878024,3,3,4
1353878028,1353878031,3,3,4
1353878039,1353878041,3,3,3
1353878047,1353878058,4,2,3
1353878071,1353878073,3,3,3
1353878084,1353878087,3,3,4
1353878101,1353881995,7,4,4
1353882005,1353882008,3,3,4
1353882018,1353882022,3,3,3
1353882110,1353882114,3,3,3
1353882122,1353882125,3,3,4
1353882142,1353882145,3,3,4
1353882153,1353882155,3,3,3
1353882321,1353882324,3,3,3
1353882334,1353882337,3,3,4
1353882377,1353885671,7,4,4
1353885728,1353885731,3,3,4
1353885734,1353885736,3,3,1
1353886003,1353886005,3,3,1
1353886023,1353886027,3,3,4
1353886137,1353889631,7,4,4
1353889714,1353889717,3,3,4
1353889728,1353889734,3,3,3
1353889774,1353889776,3,3,3
1353889916,1353889919,3,3,1
1353889896,1353889951,9,1,0
1353890021,1353916061,1,4,1
1353916201,1353916203,3,3,1
1353916514,1353916518,3,3,1
1353916500,1353916564,9,1,0
1353916603,1353919224,1,4,1
1353919417,1353919421,3,3,1
1353919826,1353919899,9,1,0
1353920092,1353920098,3,3,4
1353920232,1353920235,3,3,4
1353920249,1353920252,3,3,3
1353920308,1353920312,4,2,3
1353920388,1353920390,4,2,3
1353920697,1353920699,3,3,3
1353920935,1353920937,3,3,1
1353922123,1353922127,3,3,1
1353922456,1353922459,3,3,3
1353922521,1353922523,3,3,3
1353922622,1353922625,3,3,1
1353922646,1353922648,3,3,1
1353922965,1353923339,8,3,0
1353923569,1353924109,0,3,0
1353924402,1353924406,3,3,1
1353924515,1353924518,3,3,1
1353924702,1353924918,0,3,0
1353924946,1353925002,9,1,0
1353925025,1353925028,3,3,1
1353925734,1353925737,3,3,1
1353926042,1353926045,5,2,2
1353927570,1353927576,5,2,2
1353927587,1353927589,3,3,3
1353927707,1353927713,4,2,3
1353927727,1353927729,3,3,3
1353927740,1353927743,3,3,4
1353927754,1353927757,3,3,4
1353927807,1353927810,3,3,3
1353927841,1353927843,3,3,3
1353927853,1353927856,3,3,4
1353927903,1353929246,7,4,4
1353929255,1353929258,3,3,4
1353929267,1353929271,3,3,3
1353929361,1353929363,3,3,3
1353929533,1353929536,3,3,4
1353929547,1353930623,7,4,4
1353930703,1353930705,3,3,4
1353930722,1353930726,5,2,2
1353952491,1353952497,5,2,2
1353952825,1353952889,9,1,0
1353952949,1353952952,3,3,4
1353953328,1353953331,3,3,4
1353953342,1353953346,3,3,3
1353953366,1353953368,3,3,3
1353953384,1353953387,3,3,4
1353953317,1353960125,7,4,4
1353960226,1353960229,3,3,4
1353960441,1353960446,3,3,3
1353960533,1353960535,3,3,3
1353960605,1353960608,3,3,4
1353960619,1353960621,3,3,4
1353960739,1353960743,3,3,3
1353960764,1353960765,3,3,3
1353960812,1353960818,3,3,1
1353960834,1353960836,3,3,1
1353960882,1353960885,3,3,4
1353961059,1353961062,3,3,4
1353961070,1353961083,5,2,2
1353976036,1353976039,5,2,2
1353976085,1353976087,3,3,3
1353976157,1353976159,3,3,3
1353976226,1353976229,3,3,4
1353976308,1353976312,3,3,4
1353976314,1353976316,3,3,1
1353976409,1353976412,3,3,1
1353976623,1353976683,0,3,0
1353976916,1353976981,9,1,0
1353976931,1353976992,0,3,0
1353977011,1353977016,3,3,1
1353977054,1354007535,1,4,1
1354007562,1354007565,3,3,1
1354007893,1354007972,9,1,0
1354007976,1354007979,3,3,4
1354008026,1354008029,3,3,4
1354008043,1354008045,3,3,3
1354008143,1354008147,4,2,3
1354008174,1354008175,4,2,3
1354008635,1354008637,3,3,3
1354008671,1354008675,3,3,4
1354008879,1354008882,3,3,4
1354008885,1354008888,3,3,1
1354008989,1354008992,3,3,1
1354009306,1354009310,3,3,3
1354009396,1354009398,3,3,3
1354009481,1354009483,3,3,1
1354009562,1354009566,3,3,1
1354009575,1354009577,3,3,4
1354009628,1354013037,7,4,4
1354013047,1354013051,3,3,4
1354013063,1354013066,3,3,3
1354013126,1354013128,3,3,3
1354013145,1354013148,3,3,4
1354013363,1354013365,3,3,4
1354013597,1354013600,0,3,0
1354013635,1354013638,3,3,3
1354013655,1354013662,4,2,3
1354013666,1354013669,3,3,3
1354013695,1354013699,3,3,1
1354013926,1354013930,3,3,1
1354013933,1354013937,3,3,4
1354013947,1354015321,7,4,4
1354015396,1354015400,3,3,4
1354015410,1354015413,3,3,3
1354015482,1354015484,3,3,3
1354015564,1354015566,3,3,4
1354015507,1354015599,9,1,0
1354015657,1354018877,7,4,4
1354018927,1354018931,3,3,4
1354018942,1354018945,3,3,3
1354019006,1354019008,3,3,3
1354019038,1354019039,3,3,4
1354019049,1354019052,3,3,4
1354019191,1354019193,3,3,1
1354019203,1354019205,3,3,1
1354019210,1354019212,3,3,4
1354019237,1354019239,3,3,4
1354019542,1354020044,0,3,0
1354020112,1354020832,8,3,0
1354020868,1354020898,0,3,0
1354021034,1354021036,3,3,4
1354021401,1354021403,3,3,4
1354021412,1354021414,3,3,1
1354021435,1354021439,3,3,1
1354021854,1354021857,3,3,4
1354021876,1354023197,7,4,4
1354023258,1354023261,3,3,4
1354023325,1354023328,3,3,1
1354023360,1354023362,3,3,1
1354023425,1354023428,3,3,4
1354023430,1354023432,3,3,4
1354023483,1354023487,5,2,2
1354029285,1354029290,5,2,2
1354029528,1354029531,3,3,3
1354029653,1354029655,3,3,3
1354029725,1354029728,3,3,4
1354029798,1354038556,7,4,4
1354038657,1354038659,3,3,4
1354038672,1354038676,3,3,1
1354038813,1354038815,3,3,1
1354038864,1354038867,3,3,3
1354038913,1354038915,3,3,3
1354038928,1354038931,3,3,4
1354039822,1354039825,3,3,4
1354039835,1354039840,3,3,3
1354039882,1354039884,3,3,3
1354039897,1354039900,3,3,4
1354041367,1354041370,3,3,4
1354041434,1354041437,3,3,4
1354041889,1354041891,3,3,4
1354041975,1354041978,3,3,3
1354041984,1354042000,4,2,3
1354042013,1354042016,3,3,3
1354042027,1354042029,3,3,4
1354042088,1354042704,7,4,4
1354046390,1354046393,3,3,4
1354046408,1354046412,3,3,3
1354046428,1354046431,3,3,3
1354046445,1354046448,3,3,4
1354046478,1354046481,3,3,4
1354046488,1354046543,0,3,0
1354046667,1354046721,9,1,0
1354046788,1354046811,0,3,0
1354046995,1354046998,3,3,4
1354047113,1354047115,3,3,4
1354047122,1354047133,5,2,2
1354063035,1354063038,5,2,2
1354063073,1354063076,3,3,4
1354063159,1354063162,3,3,4
1354063224,1354063226,3,3,1
1354063297,1354063299,3,3,1
1354063307,1354063342,0,3,0
1354063430,1354063437,3,3,1
1354063464,1354063467,3,3,1
1354063781,1354063784,3,3,4
1354063802,1354063804,3,3,4
1354063771,1354063826,9,1,0
1354063829,1354063835,3,3,1
1354063913,1354090357,1,4,1
1354090562,1354090566,3,3,1
1354091038,1354091121,9,1,0
1354091126,1354091129,3,3,1
1354091183,1354091187,3,3,1
1354091193,1354091196,3,3,4
1354091235,1354091238,3,3,4
1354091254,1354091258,3,3,3
1354091349,1354091351,4,2,3
1354091378,1354091380,4,2,3
1354092210,1354092211,3,3,3
1354092225,1354092228,3,3,4
1354092277,1354092280,3,3,4
1354092289,1354092292,3,3,3
1354092340,1354092344,4,2,3
1354092361,1354092363,3,3,3
1354092402,1354092405,0,3,0
1354092542,1354092545,3,3,1
1354092566,1354092569,3,3,1
1354092615,1354092968,0,3,0
1354093230,1354093307,9,1,0
1354093464,1354093538,0,3,0
1354094016,1354094020,3,3,1
1354094405,1354094409,3,3,1
1354094715,1354094717,3,3,3
1354094909,1354094911,3,3,3
1354095202,1354095204,3,3,4
1354095295,1354095897,7,4,4
1354095946,1354095949,3,3,4
1354095962,1354095967,3,3,1
1354095982,1354095984,3,3,1
1354096162,1354096166,3,3,3
1354096189,1354096193,3,3,3
1354096212,1354096216,3,3,4
1354096226,1354096987,7,4,4
1354096991,1354096994,3,3,4
1354097056,1354097059,5,2,2
1354102062,1354102065,5,2,2
1354102082,1354102084,3,3,3
1354102086,1354102089,4,2,3
1354102125,1354102126,3,3,3
1354102209,1354102211,3,3,3
1354102242,1354102246,3,3,3
1354102687,1354102689,3,3,3
1354103015,1354103046,3,3,3
1354103066,1354103069,3,3,4
1354103846,1354103850,3,3,4
1354103857,1354103862,3,3,3
1354103889,1354103891,3,3,3
1354103902,1354103905,3,3,4
1354104204,1354104831,7,4,4
1354104856,1354104862,3,3,4
1354104993,1354104995,3,3,3
1354105068,1354105075,4,2,3
1354105085,1354105092,3,3,3
1354105101,1354105104,3,3,4
1354106322,1354106325,3,3,4
1354107247,1354107250,3,3,4
1354107301,1354108968,7,4,4
1354108988,1354108991,3,3,4
1354109057,1354109068,0,3,0
1354109091,1354109093,3,3,4
1354109044,1354109106,9,1,0
1354109134,1354109138,3,3,4
1354109152,1354109188,0,3,0
1354109146,1354109226,9,1,0
1354109283,1354109288,5,2,2
1354115113,1354115116,5,2,2
1354115129,1354115132,3,3,4
1354115182,1354120638,7,4,4
1354120693,1354120696,3,3,4
1354120824,1354121135,9,1,0
1354121702,1354121705,3,3,4
1354121761,1354127325,7,4,4
1354127341,1354127345,3,3,4
1354127408,1354127412,3,3,3
1354127684,1354127688,4,2,3
1354127733,1354127737,3,3,3
1354127813,1354127817,3,3,1
1354127843,1354127845,3,3,1
1354127945,1354127948,3,3,4
1354128302,1354128305,3,3,4
1354128312,1354128316,3,3,1
1354128318,1354128320,3,3,1
1354128499,1354128503,5,2,2
1354137267,1354137274,5,2,2
1354137302,1354137305,3,3,3
1354137323,1354137330,4,2,3
1354137434,1354137436,4,2,3
1354137449,1354137453,3,3,3
1354137465,1354137468,3,3,4
1354137484,1354137489,3,3,4
1354137497,1354137500,3,3,1
1354137519,1354137523,3,3,1
1354137540,1354137542,3,3,4
1354137600,1354142257,7,4,4
1354142295,1354142299,3,3,4
1354142314,1354142316,3,3,3
1354142326,1354142328,3,3,3
1354142340,1354142343,3,3,4
1354142452,1354142456,3,3,4
1354142465,1354142467,3,3,3
1354142486,1354142488,3,3,3
1354142507,1354142510,3,3,4
1354142573,1354142576,3,3,4
1354142646,1354142649,3,3,1
1354142917,1354142920,3,3,1
1354143312,1354143314,3,3,4
1354143332,1354143337,3,3,4
1354143340,1354143376,0,3,0
1354143295,1354143387,9,1,0
1354143399,1354143403,3,3,1
1354143441,1354143444,3,3,1
1354143448,1354143451,3,3,4
1354143496,1354143499,3,3,4
1354143508,1354143603,0,3,0
1354143633,1354143638,3,3,1
1354143673,1354147102,1,4,1
1354147121,1354147125,3,3,1
1354147126,1354147144,0,3,0
1354147189,1354147193,3,3,1
1354147207,1354178057,1,4,1
1354178126,1354178128,3,3,1
1354178190,1354178193,3,3,4
1354178283,1354178286,3,3,4
1354178325,1354178327,3,3,3
1354178468,1354178470,4,2,3
1354178493,1354178495,4,2,3
1354178579,1354178583,4,2,3
1354178722,1354178729,3,3,3
1354178744,1354178748,3,3,1
1354178954,1354178958,3,3,1
1354179177,1354179179,3,3,3
1354179250,1354179253,3,3,3
1354179328,1354179331,3,3,4
1354179351,1354179354,3,3,4
1354179032,1354179413,9,1,0
1354179727,1354179731,3,3,1
1354179745,1354179749,3,3,1
1354179850,1354179874,0,3,0
1354179886,1354179889,3,3,4
1354179928,1354179931,3,3,4
1354179954,1354179996,0,3,0
1354180062,1354180065,3,3,1
1354180488,1354180491,3,3,1
1354180512,1354180843,0,3,0
1354181025,1354181029,3,3,4
1354181376,1354181378,3,3,4
1354181413,1354181477,0,3,0
1354181689,1354181766,9,1,0
1354181883,1354181887,3,3,1
1354182133,1354182135,3,3,1
1354182346,1354182350,5,2,2
1354192794,1354192799,5,2,2
1354192820,1354192822,3,3,4
1354192831,1354192834,3,3,4
1354192868,1354192872,3,3,1
1354193169,1354193172,3,3,1
1354193308,1354193310,3,3,3
1354193560,1354193562,3,3,3
1354193597,1354193600,3,3,4
1354193631,1354193634,3,3,4
1354193651,1354193654,3,3,3
1354194745,1354194755,4,2,3
1354195191,1354195193,3,3,3
1354195206,1354195209,3,3,4
1354195390,1354195393,3,3,4
1354195441,1354195448,3,3,1
1354195614,1354195617,3,3,1
1354195627,1354195633,3,3,4
1354197925,1354197928,3,3,4
1354197937,1354197939,3,3,3
1354198074,1354198076,3,3,3
1354198086,1354198090,3,3,4
1354198142,1354199495,7,4,4
1354199525,1354199538,3,3,4
1354199542,1354199545,3,3,3
1354200026,1354200031,3,3,3
1354200035,1354200039,3,3,4
1354200070,1354200074,3,3,4
1354200083,1354200086,3,3,3
1354200225,1354200227,3,3,3
1354200242,1354200244,3,3,4
1354200625,1354200629,3,3,4
1354200638,1354200640,3,3,3
1354200641,1354200659,3,3,3
1354200672,1354200676,3,3,4
1354201846,1354201849,3,3,4
1354201956,1354201968,0,3,0
1354201980,1354201982,3,3,4
1354202008,1354202011,3,3,4
1354202022,1354202024,3,3,3
1354202272,1354202274,3,3,3
1354201949,1354202283,9,1,0
1354202296,1354202299,3,3,4
1354202341,1354209282,7,4,4
1354209352,1354209355,3,3,4
1354209368,1354209371,3,3,3
1354209513,1354209535,4,2,3
1354209591,1354209599,3,3,3
1354209604,1354209610,3,3,4
1354209687,1354209691,3,3,4
1354209704,1354209706,3,3,3
1354210391,1354210393,3,3,3
1354210415,1354210419,3,3,4
1354210937,1354210939,3,3,4
1354211091,1354211094,3,3,4
1354211134,1354214157,7,4,4
1354214162,1354214164,3,3,4
1354214171,1354214174,3,3,4
1354214239,1354219046,7,4,4
1354219084,1354219088,3,3,4
1354219266,1354219269,0,3,0
1354219213,1354219283,9,1,0
1354219287,1354219292,3,3,1
1354219297,1354219301,3,3,1
1354219308,1354219311,3,3,4
1354219363,1354221093,7,4,4
1354221169,1354221172,3,3,4
1354221184,1354221188,3,3,3
1354221697,1354221700,3,3,3
1354221727,1354221730,3,3,4
1354221746,1354221749,3,3,4
1354221759,1354221760,3,3,3
1354221780,1354221782,3,3,3
1354221797,1354221800,3,3,4
1354222785,1354222788,3,3,4
1354222800,1354222803,3,3,3
1354223267,1354223269,3,3,3
1354223280,1354223283,3,3,4
1354223336,1354223339,3,3,4
1354223349,1354223358,3,3,3
1354223375,1354223378,3,3,3
1354223391,1354223396,3,3,4
1354224340,1354224343,3,3,4
1354224360,1354224363,3,3,3
1354224369,1354224374,4,2,3
1354224382,1354224385,3,3,3
1354224400,1354224403,3,3,4
1354228543,1354228546,3,3,4
1354228550,1354228553,3,3,1
1354228645,1354228648,3,3,1
1354228657,1354228660,3,3,4
1354228673,1354228675,3,3,4
1354228695,1354228698,3,3,3
1354228771,1354228776,3,3,3
1354228819,1354228823,3,3,4
1354230861,1354230863,3,3,4
1354230870,1354230872,3,3,1
1354231088,1354231090,3,3,1
1354231127,1354231130,3,3,4
1354231930,1354231933,3,3,4
1354231966,1354231969,3,3,4
1354235941,1354235944,3,3,4
1354236031,1354236036,3,3,1
1354236019,1354236071,9,1,0
1354236053,1354257594,1,4,1
1354257643,1354257646,3,3,1
1354257781,1354257786,3,3,1
1354257863,1354263565,1,4,1
1354267242,1354267245,3,3,1
1354267612,1354267616,3,3,4
1354267626,1354267628,3,3,4
1354267634,1354267727,0,3,0
1354267745,1354267748,3,3,4
1354267546,1354267897,9,1,0
1354267935,1354267938,3,3,4
1354267958,1354267960,3,3,3
1354268096,1354268098,3,3,3
1354268426,1354268428,3,3,1
1354268521,1354268523,3,3,1
1354268533,1354268536,3,3,4
1354269079,1354269082,3,3,4
1354269096,1354269097,3,3,3
1354269172,1354269175,4,2,3
1354269205,1354269207,4,2,3
1354269210,1354269220,4,2,3
1354270435,1354270445,4,2,3
1354271475,1354271483,2,2,3
1354271740,1354271742,3,3,3
1354271752,1354271755,3,3,4
1354271771,1354271774,3,3,4
1354271778,1354271782,3,3,1
1354272073,1354272075,3,3,1
1354272089,1354272091,3,3,3
1354272158,1354272165,4,2,3
1354272676,1354272678,3,3,3
1354272689,1354272692,3,3,4
1354272698,1354272700,3,3,4
1354272747,1354272998,0,3,0
1354273037,1354273245,8,3,0
1354273375,1354273416,0,3,0
1354273442,1354273445,3,3,4
1354273496,1354274766,7,4,4
1354274790,1354274793,3,3,4
1354274798,1354275052,0,3,0
1354275775,1354275778,3,3,1
1354275789,1354275791,3,3,1
1354276217,1354276220,3,3,4
1354276224,1354276226,3,3,4
1354276247,1354276248,3,3,3
1354276397,1354276399,3,3,3
1354276410,1354276413,3,3,4
1354276436,1354276439,3,3,4
1354276454,1354276494,0,3,0
1354276446,1354276502,9,1,0
1354276516,1354276519,3,3,4
1354276587,1354282449,7,4,4
1354282539,1354282542,3,3,4
1354282553,1354282558,3,3,3
1354283167,1354283170,3,3,3
1354283193,1354283196,3,3,4
1354284516,1354284519,3,3,4
1354284528,1354284530,3,3,3
1354285026,1354285029,3,3,3
1354285039,1354285043,3,3,4
1354285054,1354285059,3,3,4
1354285066,1354285069,3,3,3
1354285072,1354285077,4,2,3
1354285115,1354285119,4,2,3
1354285161,1354285163,3,3,3
1354285175,1354285179,3,3,4
1354285190,1354285196,3,3,4
1354285198,1354285200,3,3,3
1354285209,1354285211,3,3,3
1354285221,1354285224,3,3,4
1354285287,1354292949,7,4,4
1354293040,1354293044,3,3,4
1354293056,1354293058,3,3,3
1354293750,1354293763,4,2,3
1354293777,1354293779,3,3,3
1354293966,1354294078,9,1,0
1354294090,1354294092,3,3,3
1354294292,1354294296,3,3,3
1354294311,1354294314,3,3,4
1354294337,1354303438,7,4,4
1354303496,1354303499,3,3,4
1354303513,1354303514,3,3,3
1354303545,1354303547,3,3,3
1354303561,1354303564,3,3,4
1354303647,1354309917,7,4,4
1354309925,1354309928,3,3,4
1354309940,1354309944,3,3,3
1354309959,1354309971,4,2,3
1354310439,1354310442,3,3,3
1354310451,1354310454,3,3,4
1354310484,1354310488,3,3,4
1354310497,1354310499,3,3,3
1354310596,1354310599,3,3,3
1354310612,1354310615,3,3,4
1354311281,1354311285,3,3,4
1354311296,1354311300,3,3,3
1354311366,1354311368,3,3,3
1354311401,1354311404,3,3,4
1354311510,1354311514,3,3,4
1354311523,1354311525,3,3,3
1354311586,1354311588,3,3,3
1354311600,1354311603,3,3,4
1354275705,1354316698,7,4,4
1354316746,1354316750,3,3,4
1354316761,1354316765,3,3,3
1354316899,1354316902,3,3,3
1354316918,1354316922,3,3,1
1354317010,1354317012,3,3,1
1354317020,1354317086,0,3,0
1354317140,1354317143,3,3,1
1354317231,1354317234,3,3,1
1354317314,1354317371,9,1,0
1354317378,1354317381,0,3,0
1354317419,1354317422,3,3,4
1354317454,1354317456,3,3,4
1354317480,1354317482,3,3,1
1354317529,1354351231,1,4,1
1354351240,1354351243,3,3,1
1354351633,1354351635,3,3,1
1354351646,1354351649,3,3,1
1354351599,1354351657,9,1,0
1354351734,1354351737,3,3,4
1354351813,1354351816,3,3,4
1354351828,1354351830,3,3,3
1354352986,1354352990,3,3,3
1354353006,1354353009,3,3,4
1354353109,1354353112,3,3,4
1354353491,1354353494,3,3,1
1354353799,1354353801,3,3,1
1354353806,1354353809,3,3,4
1354354041,1354354044,3,3,4
1354354048,1354354051,3,3,1
1354354108,1354354110,3,3,1
1354354113,1354354116,3,3,4
1354354268,1354354271,3,3,4
1354354273,1354354277,3,3,1
1354354322,1354354325,3,3,1
1354354359,1354354363,3,3,4
1354354371,1354354373,3,3,4
1354354393,1354354397,3,3,1
1354354423,1354354425,3,3,1
1354354470,1354354616,0,3,0
1354354632,1354355023,8,3,0
1354355129,1354355283,0,3,0
1354355571,1354355575,3,3,1
1354355577,1354355579,3,3,1
1354355581,1354355584,3,3,4
1354355592,1354355595,3,3,4
1354355646,1354355650,0,3,0
1354355676,1354355679,3,3,4
1354356904,1354356924,3,3,4
1354356947,1354356951,3,3,1
1354357206,1354357209,3,3,1
1354357260,1354357262,3,3,4
1354357274,1354357277,3,3,4
1354357286,1354357288,3,3,3
1354357465,1354357467,3,3,3
1354357477,1354357480,3,3,4
1354357764,1354357766,3,3,4
1354357775,1354357777,3,3,3
1354358137,1354358156,4,2,3
1354358160,1354358162,3,3,3
1354358357,1354358471,4,2,3
1354359317,1354359319,3,3,3
1354359671,1354359675,3,3,3
1354360483,1354360486,3,3,4
1354360501,1354360503,3,3,4
1354360513,1354360515,3,3,3
1354360542,1354360545,3,3,3
1354360565,1354360571,5,2,2
1354362567,1354362573,5,2,2
1354362630,1354362632,3,3,1
1354362694,1354362696,3,3,1
1354362748,1354362753,3,3,4
1354362731,1354362795,9,1,0
1354362829,1354362831,3,3,4
1354363213,1354363215,3,3,3
1354364417,1354364419,3,3,3
1354365450,1354365453,3,3,3
1354367447,1354367449,3,3,3
1354367461,1354367464,3,3,4
1354368705,1354368709,3,3,4
1354368729,1354368731,3,3,3
1354368966,1354368970,3,3,3
1354368979,1354368984,3,3,4
1354369089,1354369092,3,3,4
1354369102,1354369104,3,3,3
1354369187,1354369188,3,3,3
1354369248,1354369251,3,3,4
1354370866,1354370870,3,3,4
1354370880,1354370881,3,3,3
1354370885,1354370887,3,3,3
1354370897,1354370900,3,3,4
1354370913,1354370915,3,3,4
1354370924,1354370926,3,3,3
1354371921,1354371926,3,3,3
1354371931,1354371935,3,3,4
1354371972,1354371975,3,3,4
1354372008,1354372011,3,3,3
1354372120,1354372124,3,3,3
1354372134,1354372137,3,3,4
1354372153,1354372156,3,3,4
1354372166,1354372168,3,3,3
1354372189,1354372190,3,3,3
1354372200,1354372203,3,3,4
1354372372,1354372375,3,3,4
1354372383,1354372385,3,3,3
1354372461,1354372465,3,3,3
1354372478,1354372482,3,3,4
1354373334,1354373338,3,3,4
1354373351,1354373354,3,3,3
1354373623,1354373627,4,2,3
1354373637,1354373639,3,3,3
1354373650,1354373653,3,3,4
1354376898,1354376939,3,3,4
1354376952,1354376955,3,3,3
1354377143,1354377145,3,3,3
1354377186,1354377189,3,3,4
1354382911,1354382919,3,3,4
1354382933,1354382937,3,3,3
1354382970,1354382983,4,2,3
1354383940,1354383943,3,3,3
1354384033,1354384036,3,3,4
1354384225,1354384228,3,3,4
1354384334,1354384337,3,3,4
1354384320,1354384377,9,1,0
1354384425,1354390566,7,4,4
1354390604,1354390606,3,3,4
1354391104,1354391107,3,3,4
1354392000,1354392003,3,3,4
1354392026,1354392029,3,3,1
1354392473,1354392476,3,3,1
1354392480,1354392483,3,3,4
1354392494,1354392497,3,3,4
1354392604,1354392608,0,3,0
1354392660,1354392662,3,3,3
1354392753,1354392755,3,3,3
1354392764,1354392767,3,3,4
1354392780,1354392781,3,3,4
1354392825,1354392828,3,3,1
1354392833,1354392834,3,3,1
1354392868,1354392869,3,3,3
1354392937,1354392939,3,3,3
1354393006,1354393010,3,3,4
1354393177,1354393181,3,3,4
1354393219,1354393221,5,2,2
1354407953,1354407959,5,2,2
1354408030,1354408036,3,3,3
1354408097,1354408100,3,3,3
1354408135,1354408138,3,3,1
1354408222,1354408224,3,3,1
1354408353,1354408430,0,3,0
1354408442,1354408445,3,3,1
1354408602,1354408605,3,3,1
1354408718,1354408763,9,1,0
1354408770,1354408775,3,3,4
1354408862,1354408864,3,3,4
1354408869,1354408873,3,3,1
1354408943,1354436372,1,4,1
1354436412,1354436415,3,3,1
1354436722,1354436739,3,3,1
1354436711,1354436767,9,1,0
1354436756,1354439726,1,4,1
1354439766,1354439769,3,3,1
1354440006,1354440086,9,1,0
1354440158,1354440161,3,3,4
1354440265,1354440267,3,3,4
1354440270,1354440279,3,3,1
1354440392,1354440396,3,3,1
1354440408,1354440414,3,3,3
1354440589,1354440604,4,2,3
1354440808,1354440811,3,3,3
1354440948,1354440951,3,3,1
1354440953,1354440957,3,3,1
1354440974,1354440976,3,3,3
1354441782,1354441785,3,3,3
1354443012,1354443041,3,3,3
1354443735,1354443764,3,3,3
1354443787,1354443790,3,3,4
1354443855,1354443857,3,3,4
1354443859,1354443862,3,3,1
1354444242,1354444244,3,3,1
1354444471,1354444552,9,1,0
1354444558,1354445373,0,3,0
1354445400,1354445405,3,3,1
1354445468,1354445472,3,3,1
1354445627,1354445639,0,3,0
1354445674,1354445677,3,3,4
1354445715,1354445718,3,3,4
1354445747,1354445750,3,3,3
1354445887,1354445889,3,3,3
1354446125,1354446128,3,3,4
1354446226,1354446229,3,3,4
1354446255,1354446266,3,3,3
1354447086,1354447089,3,3,3
1354447427,1354447430,3,3,4
1354447462,1354447465,3,3,4
1354447474,1354447476,3,3,3
1354447484,1354447489,4,2,3
1354449360,1354449401,3,3,3
1354449469,1354449472,3,3,4
1354449809,1354449812,3,3,4
1354450879,1354450881,3,3,3
1354451642,1354451645,3,3,3
1354451824,1354451836,5,2,2
1354453175,1354453178,5,2,2
1354453357,1354453362,3,3,3
1354454592,1354454599,3,3,3
1354454604,1354454608,3,3,4
1354454681,1354454683,3,3,4
1354454721,1354454723,3,3,3
1354455491,1354455493,3,3,3
1354455503,1354455506,3,3,4
1354455606,1354455609,3,3,4
1354455618,1354455622,3,3,3
1354455886,1354455889,3,3,3
1354455900,1354455903,3,3,4
1354456071,1354456074,3,3,4
1354456084,1354456087,3,3,3
1354456268,1354456270,3,3,3
1354456277,1354456281,3,3,4
1354456584,1354456587,3,3,4
1354456597,1354456603,3,3,3
1354456612,1354456614,3,3,3
1354456624,1354456627,3,3,4
1354457650,1354457654,3,3,4
1354457664,1354457666,3,3,3
1354457770,1354457810,4,2,3
1354457812,1354457814,3,3,3
1354457839,1354457842,3,3,4
1354458476,1354458479,3,3,4
1354458498,1354458500,3,3,3
1354458511,1354458513,4,2,3
1354458786,1354458788,3,3,3
1354458991,1354458995,3,3,4
1354459243,1354459246,3,3,4
1354463105,1354463107,3,3,3
1354463837,1354463851,4,2,3
1354463995,1354463999,3,3,3
1354464033,1354464036,3,3,4
1354464423,1354464426,3,3,4
1354464437,1354464451,3,3,3
1354464638,1354464640,3,3,3
1354464654,1354464658,3,3,4
1354464703,1354470272,7,4,4
1354470307,1354470310,3,3,4
1354470409,1354470466,9,1,0
1354470476,1354470479,3,3,4
1354470514,1354470517,3,3,4
1354470529,1354470531,3,3,3
1354470588,1354470594,3,3,3
1354471061,1354471064,3,3,3
1354471612,1354471614,3,3,3
1354471897,1354471902,3,3,3
1354471855,1354471914,9,1,0
1354472147,1354472149,3,3,3
1354472164,1354472168,3,3,4
1354472221,1354474933,7,4,4
1354475008,1354475012,3,3,4
1354475069,1354475075,3,3,3
1354475347,1354475350,3,3,3
1354475366,1354475369,3,3,4
1354476103,1354476106,3,3,4
1354476522,1354476531,3,3,1
1354476551,1354476555,3,3,1
1354476573,1354476577,0,3,0
1354477152,1354477160,3,3,1
1354477285,1354477294,3,3,1
1354477304,1354477307,3,3,4
1354479490,1354479493,3,3,4
1354479508,1354479511,3,3,4
1354479552,1354492992,7,4,4
